<?xml version="1.0" encoding="UTF-8" ?>
<XMLDB PATH="mod/mapas/db" VERSION="2024082200" COMMENT="Schema for mapas module">
    <TABLES>
        <TABLE NAME="mapas" COMMENT="Stores instances of mapas activities">
            <FIELDS>
                <FIELD NAME="id" TYPE="int" LENGTH="10" NOTNULL="true" SEQUENCE="true" COMMENT="Primary key"/>
                <FIELD NAME="name" TYPE="char" LENGTH="255" NOTNULL="true" COMMENT="Name of the activity"/>
                <FIELD NAME="intro" TYPE="text" NOTNULL="false" COMMENT="Introduction text"/>
                <FIELD NAME="introformat" TYPE="int" LENGTH="4" NOTNULL="true" COMMENT="Format of the introduction"/>
                <FIELD NAME="mapurl" TYPE="char" LENGTH="255" NOTNULL="false" COMMENT="URL of the map to display"/>
            </FIELDS>
            <KEYS>
                <KEY NAME="primary" TYPE="primary" FIELDS="id"/>
            </KEYS>
        </TABLE>
    </TABLES>
</XMLDB>
